model,metric_score
AdaBoostRegressor,-0.0433512618922329
KNeighborsRegressor,-0.057099284452798
LinearRegression,-0.0628887751509653
MLPRegressor,-0.0513065328090779
SVR,-0.04267602831085191
