model,metric_score
AdaBoostClassifier,0.9333333333333332
BaggingClassifier,0.9166666666666666
DecisionTreeClassifier,0.9166666666666666
GradientBoostingClassifier,0.9166666666666666
KNeighborsClassifier,0.9166666666666666
LogisticRegression,0.9
MLPClassifier,0.9166666666666666
NearestCentroid,0.8833333333333333
SVC,0.9166666666666666
